{
  "fused0_7,5000,50000,GPU": {
    "mean": 9.82958671488476,
    "std": 0.1766006062315657,
    "original_mean": 11.889476091196032,
    "transfer_time": 2.059889376311272
  },
  "fused0_7,5000,125000,GPU": {
    "mean": 22.339494900247047,
    "std": 0.3009784049733721,
    "original_mean": 24.628260873926237,
    "transfer_time": 2.288765973679191
  },
  "fused0_7,5000,200000,GPU": {
    "mean": 35.08995743715539,
    "std": 0.4705581451768875,
    "original_mean": 37.6076000082025,
    "transfer_time": 2.5176425710471104
  },
  "fused0_7,5000,250000,GPU": {
    "mean": 43.92288969357179,
    "std": 1.303191463493816,
    "original_mean": 46.593116662864176,
    "transfer_time": 2.67022696929239
  },
  "fused0_7,5000,300000,GPU": {
    "mean": 57.92111918156444,
    "std": 0.47280293917307425,
    "original_mean": 60.74393054910211,
    "transfer_time": 2.8228113675376694
  },
  "fused0_7,5000,375000,GPU": {
    "mean": 73.50583020331996,
    "std": 0.39238602760687513,
    "original_mean": 76.55751816822554,
    "transfer_time": 3.0516879649055886
  },
  "fused0_7,5000,500000,GPU": {
    "mean": 96.23517552733523,
    "std": 0.5673834190247748,
    "original_mean": 99.66832448785402,
    "transfer_time": 3.433148960518787
  },
  "fused0_7,10000,100000,GPU": {
    "mean": 19.973849155406292,
    "std": 0.36431477846869537,
    "original_mean": 24.093627908028836,
    "transfer_time": 4.119778752622544
  },
  "fused0_7,10000,250000,GPU": {
    "mean": 48.707341528190334,
    "std": 3.1515661718467016,
    "original_mean": 53.284873475548714,
    "transfer_time": 4.577531947358382
  },
  "fused0_7,10000,400000,GPU": {
    "mean": 80.80564820357793,
    "std": 0.6672430889183036,
    "original_mean": 85.84093334567216,
    "transfer_time": 5.035285142094221
  },
  "fused0_7,10000,500000,GPU": {
    "mean": 99.81814828783729,
    "std": 0.5137035224671568,
    "original_mean": 105.15860222642206,
    "transfer_time": 5.34045393858478
  },
  "fused0_7,10000,600000,GPU": {
    "mean": 119.67095680270833,
    "std": 1.3834547436343583,
    "original_mean": 125.31657953778367,
    "transfer_time": 5.645622735075339
  },
  "fused0_7,10000,750000,GPU": {
    "mean": 147.88511042978323,
    "std": 0.8702242105318823,
    "original_mean": 153.9884863595944,
    "transfer_time": 6.103375929811177
  },
  "fused0_7,10000,1000000,GPU": {
    "mean": 200.3955176271125,
    "std": 3.9831083461784287,
    "original_mean": 207.26181554815008,
    "transfer_time": 6.866297921037574
  },
  "fused0_7,20000,200000,GPU": {
    "mean": 43.44832849490014,
    "std": 3.5623012677122436,
    "original_mean": 51.68788600014523,
    "transfer_time": 8.239557505245088
  },
  "fused0_7,20000,500000,GPU": {
    "mean": 106.65594698108313,
    "std": 2.753543352423943,
    "original_mean": 115.8110108757999,
    "transfer_time": 9.155063894716765
  },
  "fused0_7,20000,800000,GPU": {
    "mean": 163.7818743991717,
    "std": 3.373329707087441,
    "original_mean": 173.85244468336015,
    "transfer_time": 10.070570284188442
  },
  "fused0_7,20000,1000000,GPU": {
    "mean": 208.1943852903289,
    "std": 3.990017566057771,
    "original_mean": 218.87529316749848,
    "transfer_time": 10.68090787716956
  },
  "fused0_7,20000,1200000,GPU": {
    "mean": 246.30905018841685,
    "std": 4.124717550260919,
    "original_mean": 257.6002956585675,
    "transfer_time": 11.291245470150677
  },
  "fused0_7,20000,1500000,GPU": {
    "mean": 314.4311401440145,
    "std": 15.322918362856447,
    "original_mean": 326.6378920036368,
    "transfer_time": 12.206751859622354
  },
  "fused0_7,20000,2000000,GPU": {
    "mean": 395.57691635809954,
    "std": 1.750458874983969,
    "original_mean": 409.3095122001747,
    "transfer_time": 13.732595842075147
  },
  "fused0_7,50000,500000,GPU": {
    "mean": 115.9719232550132,
    "std": 2.8665921610772305,
    "original_mean": 136.57081701812592,
    "transfer_time": 20.59889376311272
  },
  "fused0_7,50000,1250000,GPU": {
    "mean": 263.64686692021075,
    "std": 1.7788914978365913,
    "original_mean": 286.5345266570027,
    "transfer_time": 22.887659736791914
  },
  "fused0_7,50000,2000000,GPU": {
    "mean": 410.1355720696913,
    "std": 5.359223225488041,
    "original_mean": 435.3119977801624,
    "transfer_time": 25.176425710471104
  },
  "fused0_7,80000,800000,GPU": {
    "mean": 180.2605438966791,
    "std": 4.140525034683701,
    "original_mean": 213.21877391765946,
    "transfer_time": 32.95823002098035
  },
  "fused0_7,80000,2000000,GPU": {
    "mean": 418.0228557849059,
    "std": 3.5151904683261272,
    "original_mean": 454.64311136377296,
    "transfer_time": 36.62025557886706
  },
  "fused0_7,100000,1000000,GPU": {
    "mean": 223.15922081689075,
    "std": 2.5334440018327657,
    "original_mean": 264.3570083431162,
    "transfer_time": 41.19778752622544
  }
}