{
  "stage_1": {
    "CPU": {
      "data": {
        "1000_5000": 5.14267200191067,
        "1000_10000": 9.42280506220414,
        "1000_20000": 19.156181598433218,
        "5000_25000": 25.741240353906264,
        "5000_50000": 50.75976697492547,
        "5000_100000": 95.46387557504829,
        "10000_50000": 51.1185951495322,
        "10000_100000": 100.5193818737846,
        "10000_200000": 201.47703628171095,
        "20000_100000": 86.04782267892504,
        "20000_200000": 197.90428634433243,
        "20000_400000": 407.3211938139558,
        "50000_250000": 229.47262454114366,
        "50000_500000": 451.9353472957686,
        "50000_1000000": 997.7219266460179,
        "100000_500000": 511.9060082121539,
        "100000_1000000": 1020.1633943639674,
        "100000_2000000": 1982.237494549857
      },
      "features": 500
    },
    "GPU": {
      "data": {
        "1000_5000": 1.1306516186717077,
        "1000_10000": 2.0561484431278236,
        "1000_20000": 3.3320989071765115,
        "5000_25000": 4.5186944739764785,
        "5000_50000": 8.421368967472457,
        "5000_100000": 16.033897848946463,
        "10000_50000": 7.998924590625014,
        "10000_100000": 14.847242136756341,
        "10000_200000": 31.816120733780448,
        "20000_100000": 14.47887623199086,
        "20000_200000": 28.260622676019185,
        "20000_400000": 57.92107366033035,
        "50000_250000": 39.117773611204036,
        "50000_500000": 72.08102720612116,
        "50000_1000000": 153.03556439960286,
        "100000_500000": 73.53167390704021,
        "100000_1000000": 158.4631217793075,
        "100000_2000000": 308.04374534397755
      },
      "features": 500
    },
    "NPU": {
      "data": {
        "1000_5000": 2.218941254893754,
        "1000_10000": 4.2174560539352335,
        "1000_20000": 8.171391088591006,
        "5000_25000": 10.010344878670221,
        "5000_50000": 17.53986521664061,
        "5000_100000": 36.78465233035495,
        "10000_50000": 18.83063527752337,
        "10000_100000": 34.84167017912041,
        "10000_200000": 75.64776519530143,
        "20000_100000": 38.24842488612568,
        "20000_200000": 69.77446471016641,
        "20000_400000": 151.52021346520434,
        "50000_250000": 84.83751089161204,
        "50000_500000": 171.5645638195457,
        "50000_1000000": 354.7311041202139,
        "100000_500000": 205.48969006275655,
        "100000_1000000": 361.9293355058237,
        "100000_2000000": 683.4665962188735
      },
      "features": 500
    }
  },
  "stage_2": {
    "CPU": {
      "data": {
        "1000_5000": 2871.5304858545937,
        "1000_10000": 6153.788856916434,
        "1000_20000": 12852.349292958634,
        "5000_25000": 15015.010153952608,
        "5000_50000": 34214.233113049864,
        "5000_100000": 67886.11812895011,
        "10000_50000": 33763.292189118365,
        "10000_100000": 60715.01889066455,
        "10000_200000": 120585.08422736276,
        "20000_100000": 64054.97513078386,
        "20000_200000": 117625.55096580173,
        "20000_400000": 236181.956968235,
        "50000_250000": 166224.60778828972,
        "50000_500000": 309024.10774107196,
        "50000_1000000": 618654.7820199792,
        "100000_500000": 300366.19395576866,
        "100000_1000000": 581935.3978675986,
        "100000_2000000": 1305459.862527496
      },
      "features": 500
    },
    "GPU": {
      "data": {
        "1000_5000": 468.26859253793776,
        "1000_10000": 1002.2736599734355,
        "1000_20000": 1854.1726265533084,
        "5000_25000": 2704.010823126753,
        "5000_50000": 5381.173669325655,
        "5000_100000": 9708.678645795246,
        "10000_50000": 4718.274176822773,
        "10000_100000": 10532.651085289892,
        "10000_200000": 18357.311184182177,
        "20000_100000": 10170.505619462476,
        "20000_200000": 19616.244067134663,
        "20000_400000": 39305.924951489644,
        "50000_250000": 23649.521265936615,
        "50000_500000": 47260.300740319515,
        "50000_1000000": 106197.52850149015,
        "100000_500000": 53168.9341605185,
        "100000_1000000": 105491.59011374853,
        "100000_2000000": 213920.11804161794
      },
      "features": 500
    },
    "NPU": {
      "data": {
        "1000_5000": 1308.4260430085442,
        "1000_10000": 2460.8234458590437,
        "1000_20000": 4729.694236489932,
        "5000_25000": 6483.458168151011,
        "5000_50000": 12838.581675345773,
        "5000_100000": 26250.00337263573,
        "10000_50000": 12730.835395827356,
        "10000_100000": 26519.168338707394,
        "10000_200000": 53527.1233116248,
        "20000_100000": 26872.001467215174,
        "20000_200000": 50385.93035667718,
        "20000_400000": 107024.84004113098,
        "50000_250000": 63851.8861749234,
        "50000_500000": 133607.84251806742,
        "50000_1000000": 235361.17261664968,
        "100000_500000": 129252.87432840264,
        "100000_1000000": 255884.3911336745,
        "100000_2000000": 471558.82819900394
      },
      "features": 500
    }
  },
  "stage_3": {
    "CPU": {
      "data": {
        "1000_5000": 8.802795696347841,
        "1000_10000": 18.902292858816946,
        "1000_20000": 35.53237550534348,
        "5000_25000": 42.52824732791363,
        "5000_50000": 98.64099300429349,
        "5000_100000": 188.23316926190893,
        "10000_50000": 102.03732373644434,
        "10000_100000": 185.274182376159,
        "10000_200000": 359.27150252361895,
        "20000_100000": 189.5671803850728,
        "20000_200000": 382.8056312151518,
        "20000_400000": 819.272042464556,
        "50000_250000": 511.4333661943304,
        "50000_500000": 932.5138510036196,
        "50000_1000000": 1785.251783889038,
        "100000_500000": 898.856881550319,
        "100000_1000000": 1705.9057369756306,
        "100000_2000000": 3845.779348729207
      },
      "features": 500
    },
    "GPU": {
      "data": {
        "1000_5000": 2.0190174157607053,
        "1000_10000": 3.2216716307324185,
        "1000_20000": 6.448993067986604,
        "5000_25000": 7.443647346950897,
        "5000_50000": 16.487545484705855,
        "5000_100000": 28.333328399213144,
        "10000_50000": 16.308844131636153,
        "10000_100000": 29.540751339723506,
        "10000_200000": 57.82173334835327,
        "20000_100000": 30.380765553822307,
        "20000_200000": 63.5702609586316,
        "20000_400000": 113.28013669807494,
        "50000_250000": 82.42208844215651,
        "50000_500000": 163.38603515416972,
        "50000_1000000": 286.650944235102,
        "100000_500000": 161.1539989703083,
        "100000_1000000": 308.0086623739721,
        "100000_2000000": 643.8699184626138
      },
      "features": 500
    },
    "NPU": {
      "data": {
        "1000_5000": 3.6650669511496385,
        "1000_10000": 7.3726268688125565,
        "1000_20000": 16.521483453078947,
        "5000_25000": 18.75225305535489,
        "5000_50000": 40.282824966154564,
        "5000_100000": 69.091749496405,
        "10000_50000": 38.776792554022,
        "10000_100000": 74.42364953151915,
        "10000_200000": 139.59083417674714,
        "20000_100000": 77.09111024551538,
        "20000_200000": 146.12075574839224,
        "20000_400000": 310.9818707833159,
        "50000_250000": 174.51474497689853,
        "50000_500000": 371.2302310556596,
        "50000_1000000": 811.9951478800671,
        "100000_500000": 358.4893438872811,
        "100000_1000000": 679.5345390637412,
        "100000_2000000": 1536.7677460223256
      },
      "features": 500
    }
  },
  "stage_4": {
    "CPU": {
      "data": {
        "1000_5000": 2.9128794559536293,
        "1000_10000": 5.818477238022311,
        "1000_20000": 11.81614747106197,
        "5000_25000": 15.904617879625278,
        "5000_50000": 30.02290921260222,
        "5000_100000": 64.66549703734849,
        "10000_50000": 32.724779347494575,
        "10000_100000": 62.18093769216857,