{
  "CPU_stage1": 2938.8861199499493,
  "GPU_stage1": 2730.1921323390798,
  "NPU_stage1": Infinity,
  "CPU_stage2": 6500.500998697878,
  "GPU_stage2": 4192.155148223557,
  "NPU_stage2": Infinity,
  "CPU_stage3": 1235.7755023820214,
  "GPU_stage3": 3891.68052873189,
  "CPU_stage4": 943.9712938878198,
  "GPU_stage4": 6678.554402606749,
  "CPU_stage5": 6061.983077119655,
  "GPU_stage5": 3090.595238280158,
  "NPU_stage5": 33901.228410749725,
  "CPU_stage6": 1466.7001347569133,
  "GPU_stage6": 4130.884007359706,
  "NPU_stage6": 3147.4255632809045,
  "CPU_stage7": 5216.646626179905,
  "GPU_stage7": 3744.064764215872,
  "NPU_stage7": 33873.663505004246
}