{
  "1000,1000,NPU,1": {
    "mean": 2.0258080039639026,
    "std": 0.23195145055656963,
    "min": 1.718499988783151,
    "max": 3.0120000010356307
  },
  "1000,5000,NPU,1": {
    "mean": 12.742304002167657,
    "std": 6.715409214103907,
    "min": 7.148500008042902,
    "max": 34.86610000254586
  },
  "1000,10000,NPU,1": {
    "mean": 13.999268002808094,
    "std": 1.1801879764252352,
    "min": 12.73580000270158,
    "max": 19.726799975614995
  },
  "5000,5000,NPU,1": {
    "mean": 9.408068000338972,
    "std": 0.5715247860530963,
    "min": 8.518999966327101,
    "max": 10.702200001105666
  },
  "5000,10000,NPU,1": {
    "mean": 17.349596002604812,
    "std": 0.9924145547499684,
    "min": 15.949899971019477,
    "max": 21.227599994745106
  },
  "5000,50000,NPU,1": {
    "mean": 148.18181399954483,
    "std": 16.22577792920678,
    "min": 131.7832000204362,
    "max": 189.78549999883398
  },
  "10000,10000,NPU,1": {
    "mean": 24.355309999082237,
    "std": 0.7660786489810749,
    "min": 22.53970003221184,
    "max": 26.428299956023693
  },
  "10000,50000,NPU,1": {
    "mean": 189.18739800690673,
    "std": 7.656928992921818,
    "min": 179.88950002472848,
    "max": 212.9244999960065
  },
  "10000,100000,NPU,1": {
    "mean": 637.7109280007426,
    "std": 13.89386648082249,
    "min": 617.6485000178218,
    "max": 669.9980999692343
  },
  "20000,50000,NPU,1": {
    "mean": 215.4680179990828,
    "std": 9.78152061889989,
    "min": 204.15920001687482,
    "max": 262.1202999725938
  },
  "20000,100000,NPU,1": {
    "mean": 623.2820740027819,
    "std": 35.32441480450275,
    "min": 595.2983999741264,
    "max": 760.2109999861568
  },
  "20000,200000,NPU,1": {
    "mean": 21.079501996282488,
    "std": 5.401828151310645,
    "min": 15.388200001325458,
    "max": 37.89219999453053
  },
  "50000,100000,NPU,1": {
    "mean": 17.013231999007985,
    "std": 7.0693007323871235,
    "min": 10.188300046138465,
    "max": 47.452099970541894
  },
  "50000,200000,NPU,1": {
    "mean": 24.62594000273384,
    "std": 5.5475150085011915,
    "min": 19.63109994539991,
    "max": 40.75250000460073
  },
  "50000,500000,NPU,1": {
    "mean": 59.39268000773154,
    "std": 11.111280893106455,
    "min": 49.83530001481995,
    "max": 89.56550003495067
  },
  "100000,200000,NPU,1": {
    "mean": 26.123325993539765,
    "std": 6.3449173049408945,
    "min": 21.083800005726516,
    "max": 43.516999983694404
  },
  "100000,500000,NPU,1": {
    "mean": 61.05054999468848,
    "std": 9.975004927661836,
    "min": 54.20489999232814,
    "max": 82.70750002702698
  },
  "100000,1000000,NPU,1": {
    "mean": 155.06112400442362,
    "std": 2.459267701209363,
    "min": 152.54919999279082,
    "max": 163.90929999761283
  },
  "1000,1000,NPU,2": {
    "mean": 0.001043997472152114,
    "std": 0.00012025950607067243,
    "min": 0.0008999486453831196,
    "max": 0.0017999554984271526
  },
  "1000,5000,NPU,2": {
    "mean": 0.0010380009189248085,
    "std": 0.00013548558999099586,
    "min": 0.000900006853044033,
    "max": 0.001900014467537403
  },
  "1000,10000,NPU,2": {
    "mean": 0.001037998590618372,
    "std": 0.00014406166980197003,
    "min": 0.000900006853044033,
    "max": 0.0018999562598764896
  },
  "5000,5000,NPU,2": {
    "mean": 0.0010419986210763454,
    "std": 0.00014012988015607878,
    "min": 0.000900006853044033,
    "max": 0.001800013706088066
  },
  "5000,10000,NPU,2": {
    "mean": 0.002294001169502735,
    "std": 0.00027886291203818776,
    "min": 0.0020999577827751637,
    "max": 0.00400003045797348
  },
  "5000,50000,NPU,2": {
    "mean": 0.002289997646585107,
    "std": 0.00028791985102035074,
    "min": 0.0020999577827751637,
    "max": 0.004099973011761904
  },
  "10000,10000,NPU,2": {
    "mean": 0.0012720015365630388,
    "std": 0.0006073016877642765,
    "min": 0.0008999486453831196,
    "max": 0.004999979864805937
  },
  "10000,50000,NPU,2": {
    "mean": 0.001065997639670968,
    "std": 0.0001750482563535202,
    "min": 0.000900006853044033,
    "max": 0.0020999577827751637
  },
  "10000,100000,NPU,2": {
    "mean": 0.002581999870017171,
    "std": 0.0034990153665454956,
    "min": 0.0008999486453831196,
    "max": 0.026600027922540903
  },
  "20000,50000,NPU,2": {
    "mean": 0.0010300008580088615,
    "std": 0.00011358087827981164,
    "min": 0.000900006853044033,
    "max": 0.001700012944638729
  },
  "20000,100000,NPU,2": {
    "mean": 0.0012460013385862112,
    "std": 0.00025236260447395733,
    "min": 0.0009999494068324566,
    "max": 0.002100015990436077
  },
  "20000,200000,NPU,2": {
    "mean": 0.0012100022286176682,
    "std": 0.000610332542862,
    "min": 0.0008999486453831196,
    "max": 0.004900037311017513
  },
  "50000,100000,NPU,2": {
    "mean": 0.00103199970908463,
    "std": 0.00015677020195670852,
    "min": 0.0008999486453831196,
    "max": 0.00200001522898674
  },
  "50000,200000,NPU,2": {
    "mean": 0.00134199857711792,
    "std": 0.00014844813357077597,
    "min": 0.0011999509297311306,
    "max": 0.002300017513334751
  },
  "50000,500000,NPU,2": {
    "mean": 0.0022179994266480207,
    "std": 0.00021042283456186372,
    "min": 0.0020999577827751637,
    "max": 0.003500026650726795
  },
  "100000,200000,NPU,2": {
    "mean": 0.0010340020526200533,
    "std": 0.00013507370873396647,
    "min": 0.0008999486453831196,
    "max": 0.001900014467537403
  },
  "100000,500000,NPU,2": {
    "mean": 0.0010319985449314117,
    "std": 0.00015419703550879956,
    "min": 0.0008999486453831196,
    "max": 0.00200001522898674
  },
  "100000,1000000,NPU,2": {
    "mean": 0.0010539998766034842,
    "std": 0.00014311998395362304,
    "min": 0.000900006853044033,
    "max": 0.001800013706088066
  },
  "1000,1000,NPU,5": {
    "mean": 0.18829199951142073,
    "std": 0.2053000404620495,
    "min": 0.10420003673061728,
    "max": 1.3714000233449042
  },
  "1000,5000,NPU,5": {
    "mean": 0.07048799889162183,
    "std": 0.006036776651949912,
    "min": 0.06399996345862746,
    "max": 0.09569997200742364
  },
  "1000,10000,NPU,5": {
    "mean": 0.9385640046093613,
    "std": 3.4873043985715886,
    "min": 0.10649999603629112,
    "max": 24.126400006935
  },
  "5000,5000,NPU,5": {
    "mean": 0.3009480028413236,
    "std": 0.2592630936479993,
    "min": 0.20920002134516835,
    "max": 2.0307000377215445
  },
  "5000,10000,NPU,5": {
    "mean": 0.18347600707784295,
    "std": 0.044691946441347066,
    "min": 0.1601999974809587,
    "max": 0.46120001934468746
  },
  "5000,50000,NPU,5": {
    "mean": 0.49504400230944157,
    "std": 0.3555155455570736,
    "min": 0.29669998912140727,
    "max": 1.9155999762006104
  },
  "10000,10000,NPU,5": {
    "mean": 1.0731520026456565,
    "std": 0.3199264717172151,
    "min": 0.8683999767526984,
    "max": 2.241999958641827
  },
  "10000,50000,NPU,5": {
    "mean": 1.2145519978366792,
    "std": 0.4549459654766157,
    "min": 0.9166999952867627,
    "max": 3.6980000440962613
  },
  "10000,100000,NPU,5": {
    "mean": 1.218717999290675,
    "std": 0.34337743509202756,
    "min": 0.978900003246963,
    "max": 2.4395999498665333
  },
  "20000,50000,NPU,5": {
    "mean": 2.5700140034314245,
    "std": 0.3326246475578918,
    "min": 2.3025000118650496,
    "max": 3.8561999681405723
  },
  "20000,100000,NPU,5": {
    "mean": 2.638860003789887,
    "std": 0.59101417118081,
    "min": 2.076999982818961,
    "max": 4.34849999146536
  },
  "20000,200000,NPU,5": {
    "mean": 2.5842079997528344,
    "std": 0.45117413707819987,
    "min": 2.0330999977886677,
    "max": 4.517599998507649
  },
  "50000,100000,NPU,5": {
    "mean": 6.011856006225571,
    "std": 0.760528158379282,
    "min": 4.711200017482042,
    "max": 7.67019996419549
  },