{
  "CPU_stage1": 3757.7749938123416,
  "GPU_stage1": 5163.115814240504,
  "NPU_stage1": 961.860690505957,
  "CPU_stage2": 5675.745998177915,
  "GPU_stage2": 4262.8160289576745,
  "NPU_stage2": 3003.072917927048,
  "CPU_stage3": 785.7115038621691,
  "GPU_stage3": 3038.376058420994,
  "CPU_stage4": 1226.0472717504726,
  "GPU_stage4": 3174.3696338191803,
  "CPU_stage5": 7119.441255739796,
  "GPU_stage5": 3445.6646609730888,
  "NPU_stage5": 1235.7820511248856,
  "CPU_stage6": 1701.9869668407766,
  "GPU_stage6": 4186.284543802062,
  "NPU_stage6": 1665.8285689109011,
  "CPU_stage7": 5559.803939565461,
  "GPU_stage7": 4151.902718332692,
  "NPU_stage7": 2518.894583542029
}