{
  "1000,1000,NPU,1": {
    "mean": 3.5603680042549968,
    "std": 0.3373025608602936,
    "min": 3.0464999144896865,
    "max": 4.706599982455373
  },
  "1000,2000,NPU,1": {
    "mean": 6.2711099977605045,
    "std": 0.7838940421810724,
    "min": 5.096799926832318,
    "max": 8.83479998447001
  },
  "1000,3000,NPU,1": {
    "mean": 13.469644002616405,
    "std": 6.255994658952653,
    "min": 8.424600004218519,
    "max": 35.594900022260845
  },
  "1000,5000,NPU,1": {
    "mean": 12.174790005665272,
    "std": 0.553912697127597,
    "min": 11.184300063177943,
    "max": 14.172099996358156
  },
  "1000,10000,NPU,1": {
    "mean": 27.23510999698192,
    "std": 5.465052533813444,
    "min": 21.83450001757592,
    "max": 42.075200006365776
  },
  "2000,2000,NPU,1": {
    "mean": 6.9051260012201965,
    "std": 0.4239009093265479,
    "min": 6.034299964085221,
    "max": 8.128500077873468
  },
  "2000,3000,NPU,1": {
    "mean": 8.758519990369678,
    "std": 0.515519401336969,
    "min": 7.718000095337629,
    "max": 9.790200041607022
  },
  "2000,5000,NPU,1": {
    "mean": 19.588652008678764,
    "std": 9.542166786950784,
    "min": 12.106399983167648,
    "max": 68.81269998848438
  },
  "2000,10000,NPU,1": {
    "mean": 24.522128000389785,
    "std": 1.207397012293446,
    "min": 22.679899935610592,
    "max": 29.86310003325343
  },
  "3000,3000,NPU,1": {
    "mean": 15.724759995937347,
    "std": 5.937833121146751,
    "min": 9.023600025102496,
    "max": 35.24889994878322
  },
  "3000,5000,NPU,1": {
    "mean": 12.508497992530465,
    "std": 0.6740985489916923,
    "min": 11.233299970626831,
    "max": 14.777099946513772
  },
  "3000,10000,NPU,1": {
    "mean": 30.479925989639014,
    "std": 6.699785029504231,
    "min": 23.424699902534485,
    "max": 54.956700070761144
  },
  "5000,5000,NPU,1": {
    "mean": 15.047112009488046,
    "std": 0.9266540360165544,
    "min": 13.562500011175871,
    "max": 18.245500046759844
  },
  "5000,10000,NPU,1": {
    "mean": 33.70290799299255,
    "std": 7.14211835392298,
    "min": 26.944899931550026,
    "max": 58.44000005163252
  },
  "10000,10000,NPU,1": {
    "mean": 37.75748600717634,
    "std": 4.129092817199797,
    "min": 33.212500042282045,
    "max": 49.314800067804754
  },
  "1000,1000,NPU,2": {
    "mean": 2.2491680015809834,
    "std": 0.4983737498621413,
    "min": 1.7551000928506255,
    "max": 4.305300069972873
  },
  "1000,2000,NPU,2": {
    "mean": 3.8869579951278865,
    "std": 0.744687953964216,
    "min": 2.8367999475449324,
    "max": 6.641399930231273
  },
  "1000,3000,NPU,2": {
    "mean": 5.275973996613175,
    "std": 0.39389645593577494,
    "min": 4.5402999967336655,
    "max": 6.142999976873398
  },
  "1000,5000,NPU,2": {
    "mean": 9.935658010654151,
    "std": 3.1271934628716624,
    "min": 6.729000015184283,
    "max": 20.820599980652332
  },
  "1000,10000,NPU,2": {
    "mean": 13.317211999092251,
    "std": 2.9974369819173763,
    "min": 11.393800028599799,
    "max": 26.677399990148842
  },
  "2000,2000,NPU,2": {
    "mean": 4.2375140148215,
    "std": 0.4726837481552404,
    "min": 3.1735000666230917,
    "max": 5.853199982084334
  },
  "2000,3000,NPU,2": {
    "mean": 5.24369799066335,
    "std": 0.4040993680515435,
    "min": 4.598599974997342,
    "max": 6.921299966052175
  },
  "2000,5000,NPU,2": {
    "mean": 14.151115992572159,
    "std": 6.078721335352188,
    "min": 6.9188999477773905,
    "max": 31.04709996841848
  },
  "2000,10000,NPU,2": {
    "mean": 13.487733993679285,
    "std": 1.4708973616119503,
    "min": 11.690300074405968,
    "max": 20.363999996334314
  },
  "3000,3000,NPU,2": {
    "mean": 5.235891994088888,
    "std": 0.5348211164582455,
    "min": 4.4065999099984765,
    "max": 6.781599950045347
  },
  "3000,5000,NPU,2": {
    "mean": 12.831914003472775,
    "std": 7.099529090136662,
    "min": 7.182899978943169,
    "max": 47.861200058832765
  },
  "3000,10000,NPU,2": {
    "mean": 13.036674004979432,
    "std": 0.7696412667093809,
    "min": 11.480599991045892,
    "max": 14.877800014801323
  },
  "5000,5000,NPU,2": {
    "mean": 7.765957994852215,
    "std": 0.8974811851114316,
    "min": 6.601699977181852,
    "max": 11.803500005044043
  },
  "5000,10000,NPU,2": {
    "mean": 18.246331997215748,
    "std": 7.2976132760312025,
    "min": 12.232600012794137,
    "max": 37.79700002633035
  },
  "10000,10000,NPU,2": {
    "mean": 14.122353990096599,
    "std": 1.1237764328006976,
    "min": 12.505499995313585,
    "max": 16.76719996612519
  },
  "1000,1000,NPU,5": {
    "mean": 5.821790001355112,
    "std": 2.7672940431189392,
    "min": 3.633399959653616,
    "max": 19.074499956332147
  },
  "1000,2000,NPU,5": {
    "mean": 7.996151989791542,
    "std": 2.8212917796877743,
    "min": 4.151100059971213,
    "max": 14.872699975967407
  },
  "1000,3000,NPU,5": {
    "mean": 4.967815992422402,
    "std": 0.8838389233076678,
    "min": 4.103100043721497,
    "max": 7.697600056417286
  },
  "1000,5000,NPU,5": {
    "mean": 4.024583990685642,
    "std": 0.23291398130542945,
    "min": 3.6866998998448253,
    "max": 4.731699940748513
  },
  "1000,10000,NPU,5": {
    "mean": 4.095465997233987,
    "std": 0.6920110063033926,
    "min": 3.415399929508567,
    "max": 7.0402000565081835
  },
  "2000,2000,NPU,5": {
    "mean": 7.537901995237917,
    "std": 0.9565764719720228,
    "min": 6.255699903704226,
    "max": 11.698200018145144
  },
  "2000,3000,NPU,5": {
    "mean": 8.483435993548483,
    "std": 1.807418305823344,
    "min": 6.671999930404127,
    "max": 16.02499990258366
  },
  "2000,5000,NPU,5": {
    "mean": 7.344031999818981,
    "std": 0.5824029436161771,
    "min": 6.281199981458485,
    "max": 9.251000010408461
  },
  "2000,10000,NPU,5": {
    "mean": 7.371243997476995,
    "std": 0.7091711964849304,
    "min": 6.271300022490323,
    "max": 10.118499980308115
  },
  "3000,3000,NPU,5": {
    "mean": 13.857917997520417,
    "std": 3.9574074484719444,
    "min": 9.37000010162592,
    "max": 24.494700017385185
  },
  "3000,5000,NPU,5": {
    "mean": 9.699356008786708,
    "std": 0.4655127815493255,
    "min": 8.92649998422712,
    "max": 11.389599996618927
  },
  "3000,10000,NPU,5": {
    "mean": 10.89194200001657,
    "std": 1.4956625554339193,
    "min": 9.125699987635016,
    "max": 16.14619989413768
  },
  "5000,5000,NPU,5": {
    "mean": 19.53720800811425,
    "std": 7.496330448403441,
    "min": 15.15530003234744,
    "max": 64.06660005450249
  },
  "5000,10000,NPU,5": {
    "mean": 15.486490002367646,
    "std": 1.223503741610258,
    "min": 14.137500082142651,
    "max": 20.36179997958243
  },
  "10000,10000,NPU,5": {
    "mean": 32.98753000795841,
    "std": 8.258912593317609,
    "min": 26.399599970318377,
    "max": 80.97480004653335
  },
  "1000,1000,NPU,6": {
    "mean": 4.822958002332598,
    "std": 1.2607957088404194,
    "min": 3.5628998884931207,
    "max": 10.032699909061193
  },
  "1000,2000,NPU,6": {
    "mean": 4.337065992876887,
    "std": 0.6361958736014024,
    "min": 3.5427999682724476,
    "max": 6.480199983343482
  },
  "1000,3000,NPU,6": {
    "mean": 4.569654006045312,
    "std": 0.7586765762832922,
    "min": 3.5007999977096915,
    "max": 6.788900005631149
  },
  "1000,5000,NPU,6": {
    "mean": 11.307908005546778,
    "std": 9.677886432618015,
    "min": 4.269900033250451,
    "max": 59.985100058838725
  },
  "1000,10000,NPU,6": {
    "mean": 4.058812002185732,
    "std": 0.3362111574184811,
    "min": 3.463099943473935,
    "max": 5.238400073722005
  },
  "2000,2000,NPU,6": {
    "mean": 8.014434000942856,
    "std": 0.9950016688215155,
    "min": 6.794200045987964,
    "max": 10.826400015503168
  },