{
  "5000,50000,GPU,block0": {
    "mean": 11.82052062250796,
    "std": 1.6724682733706084,
    "original_mean": 13.880409998819232,
    "transfer_time": 2.059889376311272
  },
  "5000,125000,GPU,block0": {
    "mean": 26.901134009205336,
    "std": 2.1025024682267097,
    "original_mean": 29.189899982884526,
    "transfer_time": 2.288765973679191
  },
  "5000,200000,GPU,block0": {
    "mean": 36.97016739620252,
    "std": 2.329448921699422,
    "original_mean": 39.48780996724963,
    "transfer_time": 2.5176425710471104
  },
  "5000,250000,GPU,block0": {
    "mean": 45.586910533949734,
    "std": 0.9671604496743692,
    "original_mean": 48.25713750324212,
    "transfer_time": 2.67022696929239
  },
  "5000,300000,GPU,block0": {
    "mean": 59.18001085889314,
    "std": 0.8379097487115801,
    "original_mean": 62.00282222643081,
    "transfer_time": 2.8228113675376694
  },
  "5000,375000,GPU,block0": {
    "mean": 75.50377453866734,
    "std": 1.4545827095520154,
    "original_mean": 78.55546250357293,
    "transfer_time": 3.0516879649055886
  },
  "5000,500000,GPU,block0": {
    "mean": 99.77996214630492,
    "std": 0.7378298442627483,
    "original_mean": 103.21311110682372,
    "transfer_time": 3.433148960518787
  },
  "10000,100000,GPU,block0": {
    "mean": 24.2835212826567,
    "std": 1.4977977429659715,
    "original_mean": 28.403300035279244,
    "transfer_time": 4.119778752622544
  },
  "10000,250000,GPU,block0": {
    "mean": 51.3746080546874,
    "std": 3.524000352809098,
    "original_mean": 55.95214000204578,
    "transfer_time": 4.577531947358382
  },
  "10000,400000,GPU,block0": {
    "mean": 99.98245485794511,
    "std": 8.314097956368753,
    "original_mean": 105.01774000003934,
    "transfer_time": 5.035285142094221
  },
  "10000,500000,GPU,block0": {
    "mean": 103.61915608821064,
    "std": 2.075513559366906,
    "original_mean": 108.95961002679542,
    "transfer_time": 5.34045393858478
  },
  "10000,600000,GPU,block0": {
    "mean": 121.37219728606226,
    "std": 0.770263837560252,
    "original_mean": 127.0178200211376,
    "transfer_time": 5.645622735075339
  },
  "10000,750000,GPU,block0": {
    "mean": 148.13632404810457,
    "std": 0.8019547038434276,
    "original_mean": 154.23969997791573,
    "transfer_time": 6.103375929811177
  },
  "10000,1000000,GPU,block0": {
    "mean": 202.08602208517277,
    "std": 4.580466853040042,
    "original_mean": 208.95232000621036,
    "transfer_time": 6.866297921037574
  },
  "20000,200000,GPU,block0": {
    "mean": 48.92773250617576,
    "std": 2.054300430198268,
    "original_mean": 57.167290011420846,
    "transfer_time": 8.239557505245088
  },
  "20000,500000,GPU,block0": {
    "mean": 103.6000361589019,
    "std": 0.5561081038239233,
    "original_mean": 112.75510005361866,
    "transfer_time": 9.155063894716765
  },
  "20000,800000,GPU,block0": {
    "mean": 163.72692973808464,
    "std": 5.135223439225974,
    "original_mean": 173.79750002227308,
    "transfer_time": 10.070570284188442
  },
  "20000,1000000,GPU,block0": {
    "mean": 204.47391432719593,
    "std": 2.6391129599875356,
    "original_mean": 215.1548222043655,
    "transfer_time": 10.68090787716956
  },
  "20000,1200000,GPU,block0": {
    "mean": 238.62676455746282,
    "std": 1.3028797664204914,
    "original_mean": 249.9180100276135,
    "transfer_time": 11.291245470150677
  },
  "20000,1500000,GPU,block0": {
    "mean": 299.21354811982184,
    "std": 3.9745240450293244,
    "original_mean": 311.42029997944417,
    "transfer_time": 12.206751859622354
  },
  "20000,2000000,GPU,block0": {
    "mean": 402.24105970111145,
    "std": 3.51608795915555,
    "original_mean": 415.9736555431866,
    "transfer_time": 13.732595842075147
  },
  "50000,500000,GPU,block0": {
    "mean": 117.77000622908875,
    "std": 2.407199021171353,
    "original_mean": 138.36889999220148,
    "transfer_time": 20.59889376311272
  },
  "50000,1250000,GPU,block0": {
    "mean": 271.1429902930983,
    "std": 6.0845038758552255,
    "original_mean": 294.03065002989024,
    "transfer_time": 22.887659736791914
  },
  "50000,2000000,GPU,block0": {
    "mean": 411.12239429339604,
    "std": 3.1488606735974973,
    "original_mean": 436.29882000386715,
    "transfer_time": 25.176425710471104
  },
  "80000,800000,GPU,block0": {
    "mean": 182.78078110972928,
    "std": 3.8156502839734014,
    "original_mean": 215.73901113070963,
    "transfer_time": 32.95823002098035
  },
  "80000,2000000,GPU,block0": {
    "mean": 421.2075888453062,
    "std": 1.6727071420986164,
    "original_mean": 457.82784442417324,
    "transfer_time": 36.62025557886706
  },
  "100000,1000000,GPU,block0": {
    "mean": 231.0292024531646,
    "std": 5.237773444270781,
    "original_mean": 272.22698997939005,
    "transfer_time": 41.19778752622544
  }
}